Player,Position,seasons,Actual,Predicted,Deviation,avg_pct_dev
Toti Gomes,D,2,€4.9M,€1.9M,+156%,155.5647640215534
Joachim Andersen,D,5,€4.6M,€2.1M,+122%,121.97074659037669
Nelson Semedo,D,4,€4.8M,€2.2M,+122%,121.78314834007102
Jan Bednarek,D,3,€3.8M,€2.0M,+98%,98.3933575654405
Lucas Digne,D,4,€6.9M,€3.8M,+82%,81.89260769024305
Harry Maguire,D,2,€11.5M,€6.8M,+70%,69.721274781185
Joško Gvardiol,D,2,€12.2M,€7.3M,+67%,67.29643687803468
Manuel Akanji,D,2,€10.9M,€6.8M,+64%,64.22668436320994
Marc Guéhi,D,3,€3.0M,€1.9M,+61%,61.46684122799889
Marcos Senesi,D,2,€3.0M,€1.9M,+60%,60.24692597615588
Murillo,D,2,€3.2M,€1.9M,+59%,59.3905906282704
Cristian Romero,D,2,€10.0M,€6.5M,+58%,57.56297877866593
Virgil van Dijk,D,4,€15.3M,€9.7M,+57%,57.199722019836685
Calvin Bassey,D,2,€2.7M,€1.8M,+55%,54.53304228360536
Ruben Dias,D,4,€9.6M,€6.4M,+48%,47.889785483636416
Matty Cash,D,2,€4.4M,€3.0M,+46%,46.18696589074118
William Saliba,D,3,€8.5M,€5.7M,+43%,42.55259783517528
Timothy Castagne,D,3,€3.9M,€2.9M,+40%,40.12757729819009
Tyrone Mings,D,3,€5.2M,€3.8M,+37%,37.09961699013885
Victor Lindelof,D,2,€7.3M,€5.4M,+35%,35.07321792809112
Conor Coady,D,2,€3.3M,€2.5M,+33%,33.09477123654328
Ilya Zabarnyi,D,2,€2.3M,€1.7M,+33%,32.958890580141144
Tyrick Mitchell,D,4,€2.4M,€1.9M,+33%,32.5314262816345
Luke Shaw,D,2,€9.0M,€6.9M,+30%,30.461525292164282
Vitaliy Mykolenko,D,3,€3.5M,€2.9M,+24%,24.013670821124535
Rico Henry,D,2,€2.1M,€1.7M,+24%,23.667161692675563
Marc Cucurella,D,2,€6.8M,€5.2M,+21%,20.819392734500024
Michael Keane,D,2,€4.9M,€4.0M,+20%,20.342875149619744
Ben White,D,4,€6.7M,€5.7M,+18%,18.29164410665087
Joao Cancelo,D,2,€10.0M,€8.2M,+17%,17.10524311005709
Antonee Robinson,D,3,€2.5M,€2.2M,+13%,13.44941101413121
Ben Mee,D,2,€3.3M,€3.0M,+11%,11.37246102571994
James Tarkowski,D,5,€4.9M,€4.4M,+11%,11.233615274757103
Trent Alexander-Arnold,D,4,€8.8M,€7.7M,+10%,10.408414184062927
Aaron Wan-Bissaka,D,2,€5.5M,€5.2M,+9%,8.584689484151452
Andy Robertson,D,4,€8.2M,€8.1M,+2%,2.0455462594090754
Nathan Collins,D,2,€1.8M,€1.9M,+1%,1.1150647342742293
Jan Paul van Hecke,D,2,€3.1M,€3.2M,-4%,-3.9438496455419747
Lewis Dunk,D,4,€4.6M,€4.9M,-5%,-4.670432750925177
Wout Faes,D,2,€3.0M,€3.2M,-6%,-6.150048253385748
Ola Aina,D,2,€1.9M,€2.1M,-7%,-7.490090246740744
Joel Ward,D,3,€2.1M,€2.3M,-9%,-8.810137398166317
Emerson,D,2,€4.1M,€5.1M,-9%,-9.026089339930333
Max Kilman,D,4,€2.7M,€2.7M,-11%,-10.806322923240515
Pervis Estupiñán,D,2,€3.0M,€3.4M,-12%,-12.058918334677498
Diogo Dalot,D,2,€5.2M,€6.2M,-16%,-15.889839319489202
Ezri Konsa,D,5,€2.9M,€3.4M,-16%,-15.999659323050668
Dara O'Shea,D,2,€1.7M,€2.0M,-17%,-16.815182968171726
Charlie Taylor,D,3,€1.6M,€2.0M,-19%,-19.068331599187033
Pedro Porro,D,2,€5.2M,€6.7M,-22%,-22.128215783095317
Eric Dier,D,3,€5.1M,€6.8M,-24%,-23.59918204784722
Jarrad Branthwaite,D,2,€2.1M,€2.9M,-26%,-25.88259199826519
Gabriel Magalhães,D,4,€5.3M,€7.3M,-27%,-27.45572455790432
Dan Burn,D,4,€3.3M,€4.6M,-29%,-29.097825452229483
Stuart Dallas,D,2,€1.8M,€2.7M,-29%,-29.48253877836303
Kyle Walker-Peters,D,4,€1.2M,€1.8M,-33%,-32.55447810915662
Ben Davies,D,2,€4.2M,€6.4M,-34%,-34.4378520363554
Joel Veltman,D,2,€2.4M,€3.9M,-37%,-37.28349342691207
Fabian Schar,D,3,€3.1M,€5.1M,-38%,-38.17699266955475
Matt Targett,D,2,€2.1M,€3.5M,-38%,-38.30588781396909
Aaron Cresswell,D,2,€3.0M,€5.0M,-39%,-39.29859084437912
Rayan Aït-Nouri,D,2,€1.2M,€2.1M,-43%,-42.7029113964519
Ethan Pinnock,D,3,€1.5M,€2.7M,-45%,-45.1772324159578
Thiago Silva,D,3,€6.7M,€12.2M,-45%,-45.20285682726158
Luke Ayling,D,2,€1.2M,€2.4M,-49%,-49.10064392092302
Vladimir Coufal,D,2,€2.1M,€4.3M,-50%,-49.725822866610244
Romain Saiss,D,2,€1.3M,€2.7M,-51%,-50.910568723416105
Erling Haaland,F,3,€25.8M,€8.4M,+207%,207.1993652637357
Wilfried Zaha,F,3,€7.9M,€2.7M,+191%,191.05271958303823
Lucas Paquetá,F,2,€9.2M,€3.8M,+147%,147.10159242119215
Kai Havertz,F,2,€16.1M,€6.9M,+138%,137.71504607529005
Marcus Rashford,F,3,€14.2M,€6.5M,+118%,117.87374309801736
Raul Jimenez,F,2,€6.1M,€3.2M,+99%,99.31909467878545
Morgan Gibbs-White,F,3,€4.8M,€2.5M,+97%,96.67860254334865
Gabriel Martinelli,F,2,€10.8M,€6.6M,+68%,68.17511928296366
Mohammed Kudus,F,2,€5.5M,€3.3M,+67%,66.54705447677546
Raphinha,F,2,€3.9M,€2.4M,+60%,60.33274228009699
Jack Harrison,F,3,€3.3M,€2.2M,+51%,50.62649192742024
Richarlison,F,2,€5.5M,€3.6M,+51%,50.50858211048638
Bernardo Silva,F,3,€15.3M,€10.1M,+50%,50.13452104708696
Dominic Solanke,F,2,€3.6M,€2.5M,+45%,44.60254628401147
Alexander Isak,F,2,€7.3M,€5.1M,+45%,44.59540924712984
Alex Iwobi,F,3,€4.7M,€3.4M,+42%,42.038094143871305
Martin Odegaard,F,4,€10.8M,€8.6M,+27%,27.191268435843973
Jarrod Bowen,F,5,€5.8M,€4.5M,+24%,24.180762339205486
Eberechi Eze,F,3,€3.2M,€2.4M,+24%,23.802789784718296
James Maddison,F,2,€6.6M,€5.4M,+23%,23.172573302005404
Mohamed Salah,F,5,€18.2M,€15.2M,+22%,21.701852169763434
Matheus Cunha,F,2,€4.6M,€3.7M,+22%,21.65625160979393
Jamie Vardy,F,2,€8.5M,€7.0M,+21%,21.490900403423794
Chris Wood,F,3,€4.5M,€3.7M,+21%,20.547272611176897
Pedro Neto,F,2,€5.6M,€4.0M,+19%,18.82741270973984
Ollie Watkins,F,5,€5.9M,€5.0M,+17%,16.700560491898507
Bruno Fernandes,F,5,€14.6M,€12.7M,+16%,15.75820794223684
Andreas Pereira,F,2,€3.0M,€2.8M,+11%,11.052183995738506
Anthony Gordon,F,3,€4.5M,€3.9M,+11%,10.848632135837201
Jean-Philippe Mateta,F,2,€3.1M,€2.8M,+10%,10.317615350400255
Pablo Fornals,F,2,€3.9M,€3.6M,+10%,10.2632607426677
Bryan Mbeumo,F,3,€2.7M,€2.8M,+10%,10.143181235119844
Dejan Kulusevski,F,2,€6.7M,€6.3M,+7%,7.144195596758118
Brennan Johnson,F,2,€3.4M,€3.4M,+1%,1.4300431549756514
Bukayo Saka,F,4,€8.0M,€7.9M,-3%,-3.354832628129346
Harry Kane,F,3,€12.1M,€14.3M,-14%,-14.33442696213468
Anthony Elanga,F,2,€1.5M,€1.9M,-17%,-17.056622436873614
Miguel Almiron,F,2,€3.1M,€4.1M,-25%,-24.56006038606145
Kaoru Mitoma,F,2,€2.7M,€3.7M,-33%,-32.6043586874581
Jordan Ayew,F,2,€1.8M,€2.9M,-36%,-35.661450812912854
Cole Palmer,F,2,€6.4M,€10.2M,-37%,-36.61888556654028
Sadio Mane,F,2,€6.1M,€9.9M,-38%,-38.13614246497187
Leandro Trossard,F,4,€3.9M,€6.9M,-42%,-41.87236065592542
Neal Maupay,F,2,€2.1M,€3.7M,-43%,-43.09029502362209
Mason Mount,F,2,€4.9M,€8.7M,-44%,-44.08744364592698
Yoane Wissa,F,2,€1.5M,€3.5M,-56%,-56.11855776357129
Demarai Gray,F,2,€1.5M,€4.1M,-64%,-63.56002585752915
Ivan Toney,F,2,€1.2M,€3.4M,-64%,-63.9260590642288
Luis Díaz,F,2,€3.4M,€10.5M,-68%,-67.94735465764107
Dwight McNeil,F,4,€0.9M,€3.1M,-74%,-74.32978237416297
David De Gea,K,3,€22.7M,€6.7M,+242%,241.88872386748002
Bernd Leno,K,4,€6.8M,€3.6M,+113%,112.58247330241528
Jordan Pickford,K,5,€7.0M,€3.6M,+95%,95.156497363787
Kasper Schmeichel,K,2,€7.9M,€4.7M,+68%,68.42266859392609
Alphonse Aréola,K,3,€6.0M,€3.7M,+64%,63.88215724574607
Vicente Guaita,K,3,€4.5M,€2.9M,+59%,58.738317701718195
Emiliano Martinez,K,5,€6.7M,€4.3M,+56%,56.46496575772919
Aaron Ramsdale,K,4,€4.8M,€3.5M,+45%,45.29033124875678
Kepa Arrizabalaga,K,3,€6.0M,€5.5M,+26%,26.399748436015752
André Onana,K,2,€7.3M,€6.6M,+12%,11.922588359671526
Alisson,K,5,€8.4M,€8.0M,+4%,4.053622145802147
Neto,K,2,€3.0M,€3.1M,-2%,-1.5130161016283616
Illan Meslier,K,3,€1.4M,€1.6M,-8%,-7.840487344867246
Ederson,K,5,€5.6M,€6.5M,-12%,-12.053032555993333
Nick Pope,K,4,€2.7M,€3.4M,-21%,-21.43391700628569
Łukasz Fabiański,K,3,€3.9M,€5.1M,-23%,-22.747549345310247
David Raya,K,3,€4.3M,€5.4M,-24%,-23.937494656469056
Hugo Lloris,K,2,€6.1M,€10.2M,-40%,-40.00755550822255
Mark Flekken,K,2,€1.8M,€3.3M,-44%,-43.8219399074419
Edouard Mendy,K,2,€3.3M,€6.1M,-45%,-45.1402801296995
Robert Sánchez,K,3,€1.9M,€4.1M,-58%,-57.933304488771775
João Gomes,M,2,€4.0M,€1.9M,+103%,103.37665096175293
Bruno Guimarães,M,3,€8.9M,€4.8M,+87%,87.15029492001554
João Moutinho,M,2,€6.1M,€3.3M,+82%,81.93516339260074
Abdoulaye Doucouré,M,4,€7.6M,€4.3M,+77%,77.22103376164742
Joelinton,M,3,€6.5M,€3.6M,+77%,77.03943938890676
Jefferson Lerma,M,3,€3.9M,€2.7M,+46%,46.00088348996592
João Palhinha,M,2,€4.0M,€2.7M,+45%,44.759103774897596
Jacob Ramsey,M,2,€4.2M,€3.0M,+40%,40.4704381909651
Thomas Partey,M,2,€12.0M,€9.3M,+30%,30.215680199345506
James Ward-Prowse,M,4,€5.5M,€4.3M,+29%,29.399323494908685
Idrissa Gana Gueye,M,2,€7.2M,€5.6M,+29%,28.83275121917469
Ruben Neves,M,3,€3.0M,€2.4M,+28%,28.378897737497983
Declan Rice,M,5,€8.0M,€5.7M,+26%,26.416521406937505
Moisés Caicedo,M,3,€7.3M,€5.7M,+26%,26.174061860700192
John McGinn,M,4,€5.3M,€4.3M,+25%,25.174942337793645
Fabinho,M,3,€9.3M,€7.4M,+23%,22.887107218297967
Lewis Cook,M,2,€3.0M,€2.5M,+21%,20.866447324751114
Josh Brownhill,M,3,€2.5M,€2.3M,+11%,11.004457718886671
Douglas Luiz,M,4,€3.9M,€3.8M,+2%,1.736255870128053
Rodri,M,4,€10.3M,€11.0M,-2%,-1.878313228468806
Alexis Mac Allister,M,3,€7.1M,€6.9M,-3%,-2.8350096141115393
Sean Longstaff,M,2,€3.0M,€3.4M,-9%,-9.361794069252804
Pierre Emile Hojbjerg,M,3,€6.0M,€6.9M,-12%,-11.587375235366737
Granit Xhaka,M,3,€6.8M,€8.0M,-14%,-13.504125675465891
Harrison Reed,M,2,€1.8M,€2.2M,-18%,-17.632696729093
Christian Norgaard,M,3,€2.2M,€2.8M,-20%,-20.423637771236653
Vitaly Janelt,M,3,€1.8M,€2.3M,-21%,-20.971398382708703
Youri Tielemans,M,4,€3.9M,€4.5M,-23%,-22.587816276467613
Ashley Westwood,M,2,€2.2M,€3.0M,-26%,-25.974733804268613
Pascal Groß,M,3,€3.6M,€6.8M,-46%,-45.99757038940405
Conor Gallagher,M,3,€1.7M,€4.1M,-56%,-56.12343895576942
